Grupo,Frase,Tipo
6,RIGHT ENGINE #4 AIR BAFFLE IS CRACKED,orig
7,RIGHT ENGINE FORWARD ALTERNATOR ATTACH BOLT LOOSE.,orig
16,"AFTER LANDING, A/C IDLE @ 970 RPM.",orig
22,"TOP FRONT RIGHT BAFFLE, BAFFLE SEAL RIVET PULLED THROUGH.",orig
23,ROUGH RUNNING ENGINE ON START. ENGINE RAN SMOOTHER AS IT WAR,orig
30,CYLINDER HEAD TEMPERATURE NEEDLE BOUNCES & HAD ENGINE RUN ROUGH MOMENTARILY.,orig
44,"LACING CORD LOOSE ON SCAT TUBING + IGNITION LEAD TO FRAME, RIGHT SI",orig
56,RIGHT SIDE BACK BAFFLE IS CRACKED & BRACKET RIVETS BROKEN.,orig
66,SPARK PLUG BAFFLE PLUG IS WORN.,orig
111,4TH STAGE NOZZLE HAS SEVERAL CRACKS IN IT.,orig
126,#1 FORWARD BAFFLE IS WORN THROUGH.,orig
135,ENGINE RUNS ROUGH ON START. MAINTENANCE HAND SPUN PROP & REPORTED 1 CYLINDER,orig
139,"RAN ENGINE START CKLIST 3 TIMES, TRIED COLD START CKLIST 2 T",orig
141,BACK RIGHT BAFFLE BACK BRACKET RIVET HEAD IS SHEARED OFF.,orig
154,AFT BAFFLE BRACKET RIVETS PULLING THROUGH.,orig
163,"FRONT BAFFLE BY INTAKE HEAT, AROUND MUFFLER SHROUD, IS CRACK",orig
166,RIGHT FRONT BAFFLE SEAL RIVET IS BROKEN.,orig
167,CYLINDER #2 INTAKE PUSH ROD TUBE INNER SEAL IS WEEPING.,orig
198,STARTER INOPERABLE.,orig
201,A/C DIED DURING IDLE CHECK.,orig
210,LEFT ENGINE #4 BAFFLE HAS A CRACKED REINFORCING BRACE.,orig
219,"AFTER PERFORMING SIMULATED ENGINE FAILURE, SMOOTHLY APPLIED",orig
223,"LEFT ENGINE, LEFT AFT ENGINE BAFFLE CHAFED ON CYLINDER.",orig
226,IDLE MIXTURE NEEDS ADJUSTMENT.,orig
256,#2 ROCKER SHAFT THRUST PLUG BROKEN.,orig
271,ENGINE OVER RIDE SPEED WAS 1225 RPM.,orig
282,CYLINDER #3 INTAKE PIPE NEEDS TO BE RESWEDGED INTO SUMP.,orig
287,RIGHT ENGINE #1 & 3 BAFFLE TIE ROD SPACER LOOSE.,orig
288,LEFT ENGINE SNIFFLER VALVE HOSE ADEL CLAMP RUBBER IS WORN OUT.,orig
295,ENGINE QUIT WHEN THROTTLE WAS CLOSED DURING SHUT DOWN PRIOR,orig
300,FORWARD BAFFLE IS CHAFING ON EXTERNAL SHROUD.,orig
309,"DURING FLIGHT, RIGHT COWL FLAP WOULD NOT STAY OPEN.",orig
320,REAR BAFFLE BRACKET AT ENGINE CENTER BROKEN AT BOLT.,orig
353,EXHAUST GAS TEMPERATURE  CYLINDER #1 CLAMP LOOSE.,orig
367,ALL VALVE COVERS LEAKING.,orig
368,ENGINE RPM OF 2720.,orig
370,CYLINDER #2 EXHAUST TUBE ELBOW TOP BOLT NEEDS TO BE RECOTTER PINN,orig
372,LEFT COOLING BAFFLE CONNECTING ROD BROKEN.,orig
373,RIGHT CYLINDER COOLING BAFFLE CONTACTING OIL RETURN LINE.,orig
385,CYLINDER #1 INTAKE GASKET IS ELAKING.,orig
403,CYLINDER #1 & 3 SIDE BAFFLE BOLT IS LOOSE.,orig
410,"AFTER 20"" MANIFOLD PRESSURE, APPLIED FULL THROTTLE, STARTED",orig
412,AIR INDUCTION ELBOW TO SERVO BOOT IS WEEPING FUEL.,orig
413,#3 CYLINDER ROCKER GASKET SEEPING.,orig
415,COWL SHOCK MOUNT #7 DAMAGED.,orig
441,RIGHT AFT BAFFLE PLUG BAD.,orig
465,"ENGINE COOLING BAFFLE CRACKED, FRONT LEFT SIDE, RIGHT ENGINE.",orig
469,LEFT ENGINE #2 PRIMER LNE CLAMP NEEDS TO BE REPOSITIONED.,orig
473,LEFT ENGINE #2 EXHAUST GAS TEMPERATURE  INOPERABLE.,orig
476,#4 SPARK PLUG ACCESS HOLE ON BAFFLE REQUIRES PATCH.,orig
492,FUEL LINE SUPPORT BRACKET AT BAFFLE SUPPORT LOOSE.,orig
495,"CRACK IN ENGINE COWLING BAFFLE, #1 CYLINDER.",orig
498,COWL SEAL BY #2 CYLINDER NEEDS TO BE REATTCHED TO BAFFLING.,orig
511,RIGHT SIDE ENGINE BAFFLING CONECTION WIRE BROKEN.,orig
543,ENGINE OIL COOLER CAN BE CLEANED EXTERNALLY.,orig
567,"RIGHT ENGINE BAFFLE, BETWEEN #2 & 4 CYLINDER, REQ REWORK.",orig
573,LOWER CLAMPS LOOSE ON RIGHT ENGINE #4 INTAKE.,orig
577,"BETWEEN #2 & 4 CYLDERS, SPIRAL WRAP MELTED.",orig
590,ALL CYLINDER DRAIN LINE B' NUTS ARE LOOSE.,orig
595,SMALL FOREIGN OBJECT DAMAGE ON TOP OF #3 CYLINDER,orig
605,FORWARD BAFFLE SEALS HAVE WORN SPOTS.,orig
627,#3 & 4 CYLINDER WERE REMOVED BY OFF SITE MAINTENANCE.,orig
629,"ZERO COMPRESSION ON #1 CYLINDER. LEAKING FROM EXHAUST VALVE,",orig
642,ALUM FITTINGS FOR OIL COOLER OK?,orig
657,#3 & 4 SIDE BAFFLE SEALS ARE WORN.,orig
665,LEFT ENGINE BACK BONE LEAKING OIL IN MIDDLE.,orig
667,BATTERY BOX BRACKET CRACKED.,orig
675,RIGHT FORWARD BAFFLE MATERIAL LOOSE.,orig
680,INTER BAFFLE ROD FASTENER BROKEN.,orig
681,SPRING CONNECTOR BETWEEN #1 & 3 CYLINDER BAFFLES IS BROKEN.,orig
692,#3 CYLINDER INTAKE FEELS LOOSE.,orig
703,FRONT ENGINE OIL SEAL LEAKING.,orig
710,"CRACKS IN BAFFLE, FORWARD RIGHT SIDE.",orig
715,RIGHT BAFFLE PLUG LOOSE.,orig
718,"ENGINE QUIT AT IDLE, LOW RPM DURING TAXI, SMALL ADJUSTMENTS",orig
721,SCREW MISSING ON #1 OUTER CYLINDER BAFFLING.,orig
726,#4 CYLINDER BAFFLE INSP HOLE DOUBLER REQUIRED.,orig
731,"COWL SEAL, ABOVE #3 CYLINDER BAFFLE, FELL OFF RIVET.",orig
736,FOUND BROKEN COVER SCREW ON GROUND.,orig
739,"UPON RUN UP, ROUGH MAGNETOS & NOT WITHIN TOLERANCE. RAN FOULED PROC",orig
742,#3 AFT BAFFLE SCREW APPEARS TO BE LOOSE BEHIND DIPSTICK TUBE,orig
747,FORWARD LOWER SEAL ON BAFFLING WORN AT AIR INTAKE.,orig
759,"1 FIRST STAGE COMPRESSOR BLADE HAS DAMAGE, NEAR TIP.",orig
761,"LEFT & RIGHT ENGINE FIREWALLS NEED TO BE SEALED, WHERE ENGINE CONTROL",orig
765,DAMAGED GROMMET FOR OIL PRESSURE SWITCH WIRE HARNESS THROUGH,orig
767,"DURING CRUISE, RPM OVERSPED, HIGHEST NUMBER SEEN WAS 2740. N",orig
771,"FORWARD BAFFLE SEAL WORN, BY AIR FILTER.",orig
772,"OIL LEAK AT FRONT LOWER PORTION OF CRANKCASE, NEAR OIL SEAL.",orig
798,SOME ROCKER COVER SCREWS LOOSE.,orig
802,"#1 CYLINDER COMPRESSION LOW, 25LBS. COMING FROM EXHAUST",orig
810,PILOT REPORTED THAT CYLINDER #1 FORWARD BAFFLE SEAL NEEDED TO BE LOOK,orig
826,LEFT ENGINE #4 REAR BAFFLE HAS SMALL CRACK & BAFFLE SEAL TORN,orig
853,"FAILED MAGNETOS CHECK ON RUN UP. TRIED FOULED PLUG PROCEDURE, RPM WA",orig
891,VACUUM PUMP HAS POSSIBLE OIL LEAK.,orig
893,RIGHT UPPER BAFFLING BETWEEN #1 & 3 CYLINDER HAS WORN STAPLE.,orig
896,WRENCH BY ACCESORY CASE,orig
902,BAFFLE TIE WIRES NOT SECURED.,orig
917,LOWER BLACK SEAL ABOVE INTAKE WORN SPOTS.,orig
919,2 BAFFLE TIE RODS NEED TO BE REPLACED.,orig
929,AT FULL THROTTLE; THERE WAS ENGINE ROUGHNESS.,orig
934,LEFT ENGINE BAFFLE BY ROCKER COVERS CRACKED.,orig
955,#2 LOWER INTAKE CLAMP LOOSE.,orig
958,OIL SEEPING FROM TOP OF CASE HALVES.,orig
966,#1 & 4 ROCKER BOX COVERS SEEPING ON LEFT ENGINE.,orig
993,FORWARD BAFFLE SEAL WORN BY ENGINE INTAKE.,orig
998,ENGINE NEEDS TO BE REMOVED FOR METAL FOUND IN OIL.,orig
999,"MANIFOLD PSI WAS HIGH IN HOVER, 26 IN. PERFORMED LOW ROTOR R",orig
1011,PATCH ON RIGHT UPPER BAFFLE HAS SMALL CRACK.,orig
1014,BAFFLE SEAL STAPLES LOOSE ON #1 CYLINDER BAFFLE SECTION.,orig
1019,"#1-3 BAFFLE TIE WIRE LOOSE, RUBBING #1 DRAIN TUBE.",orig
1020,"ENGINE STARTED & IDLED NORMALLY FOR ABOUT 2 MINUTES, THEN SU",orig
1031,FRONT SEAL LOOSE & HAS WORN SPOTS (BAFFLE SEAL).,orig
1034,OIL COOLER BOLT REMOVED,orig
1070,"BLACK BAFFLE SEAL, FORWARD ENGINE, HAS SMALL WORN SPOT ON LEFT SIDE.",orig
1092,#3 BAFFLE NEEDS TO BE PATCHED. BUTTON PLUG HOLE HAS WORN TOO,orig
1115,OIL PRESSURE SENDER GROUND STRAP NOT CONNECTED.,orig
1124,LEFT INNER ENGINE BAFFLE TIE IS DISCONNECTED.,orig
1125,"ENGINE RAN ROUGH AFTER START UP, W/ GAINS & DROPS OF ABOUT 8",orig
1130,RIGHT AIR INTAKE HOSE NOT HOOKED UP.,orig
1145,ALTERNATE AIR DOOR SPRING IS WEAK.,orig
1150,REACHED 2720 RPM FOR ABOUT 2 SECONDS.,orig
1175,"DURING ENGINE START & ENGINE RUNNING, THERE WERE VIBRATION S",orig
1196,ALL INTAKE GASKETS NEED TO BE REPLACED.,orig
1218,EVIDENCE OF CARBURETOR FIRE ON LEFT CARBURETOR AIRBOX.,orig
1221,RPM 2740 FOR 1-3 SECONDS.,orig
1222,"OIL LEAK AT RIGHT ENGINE BACK BONE, AFT BOLT.",orig
1225,ENGINE COWL CAM LOCK LOOSE.,orig
1240,"RIGHT FORWARD BAFFLE SECTION, ABOVE #1 CYLINDER, HAS DAMAGED NUTPLATES.",orig
1252,"DURING POWER ON STALL, @ FULL THROTTLE, THERE WAS A LOUD TAP",orig
1272,ENGINE STARTED MAKING ABNORMAL SOUND IN FLIGHT. ABNORMAL VIB,orig
1299,"DURING START UP, ENGINE STARTED BUT RAN VERY ROUGH & WOULD N",orig
1308,COMPRESSOR WASH REQUIRED.,orig
1321,LOWER BOLT (O/B) FOR OIL COOLER FLANGE LOOSE CRACKED.,orig
1340,"CYLINDER #1, 3 ROCKER DRAIN LINES LEAKING.",orig
1341,ENGINE CHANGE REQUIRED.,orig
1354,BLACK FORWARD SEAL WEAR SPOTS FROM INTAKE.,orig
1372,RIGHT ENGINE RAN ROUGH IN CLIMB & CRUISE. SHUT OFF LEFT MAGNETOS ON,orig
1377,SCREW BEHIND OIL TUBE FILTER LOOSE.,orig
1385,ENGINE OVERSPEED 2750 AT PEAK.,orig
1388,RIGHT REAR BAFFLE MISSING GROMMET.,orig
1398,ROCKER BOX COVER SCREWS LOOSE (ALL CYLINDER).,orig
1402,BAFFLE SEALS ON RIGHT SIDE ARE TORN.,orig
1418,MISSING SCREW ON #3 ROCKER COVER.,orig
1422,"RIVET PULLED THROUGH BAFFLE SEAL, #1 CYLINDER.",orig
1433,#2 CYLINDER EXHAUST PUSH ROD TUBE HAS SMALL DENT.,orig
1440,IDLE RPM IS LOW.,orig
1443,"ENGINE BAFFLING CRACKED, RIGHT SIDE, ABOVE #1 CYLINDER.",orig
1448,A/C WON'T START.,orig
1453,ENGINE IS DIRTY.,orig
1504,"OIL LEAK ON RIGHT ENGINE, BACK BONE CASE SEAM.",orig
1518,"ENGINE OVERSPEED, 3275 RPM.",orig
1529,CRACK NOTED ON TOP OF #2 CYLINDER BAFFLING.,orig
1538,2 & 4 CYLINDER INNER BAFFLE CONNECTOR ROD IS BROKEN.,orig
1541,BAFFLE CONNECTION ROD LOOSE ON #1 & 3 CYLINDER OF LEFT ENGINE.,orig
1542,LEFT ENGINE #4 CYLINDER DEAD.,orig
1550,FORWARD BLACK ENGINE SEAL WORN.,orig
1559,RIGHT ENGINE CRANKCASE LIFTING EYEBOLT LEAKING OIL.,orig
1573,"LOWER BLACK SEAL ON ENGINE, WORN AT ENGINE INTAKE.",orig
1585,"#3 CYLINDER EXHAUST VALVE FAILED  (EX CLEARNACE .034"").",orig
1589,RIGHT ENGINE #3 CYLINDER HAS NO COMPRESSION.,orig
1606,RIGHT ENGINE BACKBONE BOLT LEAKS A LITTLE OIL.,orig
1621,RIGHT ENGINE #4 CYLINDER COMPRESSION 40/80.,orig
6,"Cracked air baffle detected on the right engine, #4.",var
6,Found a crack in the left engine’s #3 air baffle during inspection.,var
6,The air baffle on engine #2 (right side) shows a crack.,var
6,Left engine #4 air baffle is cracked.,var
7,The forward alternator attach bolt on the right engine was found loose.,var
7,Found the alternator forward mounting bolt loose on the left engine.,var
7,On engine #2 the forward bolt that secures the alternator is loose.,var
7,No. 1 engine forward alternator attach bolt is loose.,var
16,"After landing, A/C idle at 970 RPM.",var
16,Upon touchdown the airplane remained idling around 960 rpm.,var
16,"Post-landing, engine idle speed was recorded at approximately 980 RPM.",var
16,After rollout the a/c settled to an idle near 975 r/min.,var
22,The top front right baffle seal rivet has pulled through the baffle.,var
22,"On the top-front left baffle, the seal rivet worked its way through the material.",var
22,Found the seal rivet pulled through on the top front #1 baffle; seal compromised.,var
22,Inspection revealed the top front right baffle rivet torn through the seal.,var
23,Engine ran rough at start but smoothed out as it warmed up.,var
23,"Engine was shaky on startup, then settled once it came up to temperature.",var
23,Rough running observed at initial start; engine ran smoother as temperature rose.,var
23,On start the engine ran rough and became smoother as it warmed.,var
30,The cylinder head temperature (CHT) gauge needle was bouncing and the engine ran rough briefly.,var
30,The CHT needle kept jumping around and the engine stumbled for a moment.,var
30,Observed erratic cylinder head temperature indications; engine experienced a short rough run.,var
30,A momentary roughness occurred while the cylinder head temperature needle fluctuated.,var
44,Lacing cord loose on SCAT tubing and on the ignition lead to the aircraft frame on the right side.,var
44,Found the lacing cord slack around the SCAT hose and the ignition lead to the frame on the left side.,var
44,The SCAT tubing and ignition lead to the frame have a loose lacing cord at the right-hand side.,var
44,Lacing cord unsecured on SCAT conduit and ignition wire to frame; secure on left side.,var
56,Right-side aft back baffle is cracked and the bracket rivets are broken.,var
56,"A crack was found in the back baffle on the right, with the bracket rivets sheared off.",var
56,The left back baffle shows a crack and the bracket rivets are fractured.,var
56,"Found the rear baffle on the right side split, and the bracket rivets have failed.",var
66,The spark plug baffle plug is worn and needs replacement.,var
66,Found the baffle plug on the spark plug showing heavy wear.,var
66,Spark plug baffle plug shows signs of deterioration.,var
66,The baffle plug for the spark plug is worn out and should be changed.,var
111,The 4th-stage nozzle has several cracks in it.,var
111,Several cracks were found in the 3rd stage nozzle during inspection.,var
111,Multiple fractures detected in the 5th-stage nozzle.,var
111,Found a number of cracks running through the 2nd stage nozzle.,var
126,The #1 forward baffle is worn through.,var
126,The forward baffle on engine 2 is worn completely through.,var
126,Left front baffle is worn through and needs replacement.,var
126,A through-wear was found in the #3 forward baffle during inspection.,var
135,Engine runs rough on start; maintenance hand-spun the prop and reported one cylinder with a fault.,var
135,Engine was rough on start — tech hand‑spun the prop and noted two cylinders behaving poorly.,var
135,Rough start observed; ground crew hand‑spun the prop and logged a single cylinder issue.,var
135,Engine rough at start; mechanic hand‑turned the prop and indicated cylinder #2 as suspect.,var
139,Ran the engine start checklist three times and tried the cold-start checklist twice.,var
139,Tried starting the engine several times — ran the start checklist twice and ran the cold-start checklist three times.,var
139,"Completed the engine start checklist four times, then attempted the cold-start checklist once.",var
139,Start checklist run 2X; cold-start checklist attempted 4X.,var
141,The rivet head on the rear right baffle aft bracket is sheared off.,var
141,Found the rivet head broken off on the back left baffle bracket.,var
141,Rivet head on the back RH baffle’s back bracket has sheared away.,var
141,Aft bracket rivet head on the rear #4 baffle was found sheared off.,var
154,Rivets on the aft baffle bracket are pulling through the material.,var
154,The rear baffle bracket rivets are tearing out and failing.,var
154,Aft baffle bracket rivets have pulled through the bracket.,var
154,The rivets securing the aft baffle bracket are working loose and pulling through.,var
163,"The front baffle by the intake heat, around the muffler shroud, is cracked.",var
163,A crack was found in the forward baffle adjacent to the intake heat and surrounding the muffler shroud.,var
163,Found the front baffle at the intake heat near the muffler shroud has a crack.,var
163,Forward baffle next to the heat intake around the muffler shroud shows cracking.,var
166,The right front baffle seal rivet is broken.,var
166,Found a snapped rivet on the front-left baffle seal.,var
166,Front baffle-seal rivet on the right side is fractured.,var
166,Left front baffle seal rivet has come apart.,var
167,The inner seal of the intake pushrod tube on cylinder #3 is weeping oil.,var
167,I can see oil seeping from the intake push‑rod tube inner seal on cylinder #1.,var
167,Inner seal of the intake pushrod tube for cylinder #4 is leaking.,var
167,Cylinder #2 intake pushrod tube inner seal is weeping.,var
198,The starter is inoperative.,var
198,The starter motor failed to function.,var
198,Engine starting unit not working.,var
198,Starter won't engage; unit is nonfunctional.,var
201,The aircraft engine quit during the idle check.,var
201,Airplane died while performing the idle RPM check.,var
201,A/C stopped running during the ground idle inspection.,var
201,Engine shut down unexpectedly during the idle check.,var
210,The baffle on the left engine #4 has a cracked reinforcing brace.,var
210,A crack was found in the reinforcing brace of the left engine baffle on engine #3.,var
210,Right engine baffle No. 4 shows a cracked reinforcing brace.,var
210,Cracked reinforcing brace on the left baffle of engine 5.,var
219,"After performing a simulated engine failure, smoothly applied the throttle to restore power.",var
219,"Once the simulated engine failure was run, I gently rolled on the throttle to regain thrust.",var
219,Simulated engine failure completed; power was applied smoothly.,var
219,"Following the simulated engine failure, smoothly advance the power lever to recover engine output.",var
223,Left engine left-aft baffle is chafing on the cylinder.,var
223,Right engine rear baffle was rubbing against the cylinder.,var
223,Aft baffle on engine #2 is contacting and abrading the cylinder.,var
223,Found the left aft baffle on engine #1 rubbing the cylinder during inspection.,var
226,Idle mixture requires adjustment.,var
226,The idle mix needs a little tweaking.,var
226,Adjust the fuel/air mixture at idle.,var
226,Mixture setting at idle is incorrect and should be adjusted.,var
256,The thrust plug on the #3 rocker shaft is broken.,var
256,Found the #1 rocker shaft thrust plug sheared off.,var
256,Rocker shaft thrust plug for engine #4 has failed — it's broken.,var
256,A broken thrust plug was discovered on the #2 rocker shaft.,var
271,"Engine override speed was 1,225 RPM.",var
271,"The engine over-ride point was recorded at 1,230 rpm.",var
271,"Measured engine override speed: 1,220 revolutions per minute.",var
271,"Engine overspeed threshold registered about 1,240 rpm.",var
282,Cylinder 3 intake pipe needs to be re-wedged into the sump.,var
282,The intake tube on cylinder #2 has come loose and must be reseated into the oil sump.,var
282,Intake pipe for cylinder No.4 requires re-wedging into the sump.,var
282,Re-wedge the intake pipe of cylinder three back into the sump.,var
287,Right engine baffle tie-rod spacers at positions 1 and 3 are loose.,var
287,Found loose baffle tie rod spacers on the left engine at stations 2 and 4.,var
287,Baffle tie-rod spacer for the right engine (Nos. 1 & 3) was checked and is loose.,var
287,"Observed loose tie-rod spacers on the engine baffle, left side, unit numbers 3 and 1.",var
288,The rubber insert on the Adel clamp for the left engine sniffler valve hose is worn out.,var
288,Found the Adel clamp rubber on the right engine’s sniffler valve hose badly worn.,var
288,Adel clamp rubber at the left engine sniffler valve hose shows significant wear.,var
288,The Adel-clamp rubber on #2 engine sniffler valve hose is worn and needs replacement.,var
295,During the prior shutdown the engine quit when the throttle was closed.,var
295,The engine stopped as the throttle was shut during the earlier shutdown.,var
295,"While closing the throttle on the previous shutdown, the engine unexpectedly quit.",var
295,Engine quit upon throttle closure during the prior shutdown procedure.,var
300,The forward baffle is chafing on the external shroud.,var
300,The front baffle is rubbing against the outer shroud and causing wear.,var
300,Chafing observed at the interface between the leading baffle and the external shroud.,var
300,Found the forward baffle contacting and wearing the external shroud.,var
309,"While airborne, the right cowl flap failed to remain in the open position.",var
309,In flight the left cowl flap kept falling shut.,var
309,The right-side cowl flap would not stay open during flight.,var
309,"During the flight, the left cowl flap intermittently would not hold open.",var
320,The rear baffle bracket at the engine center is broken at the bolt.,var
320,Found the rear baffle bracket on the engine center fractured through the bolt hole.,var
320,Rear baffle support at the engine middle failed at the mounting bolt during inspection.,var
320,"The bracket for the rear baffle, located at the engine centerline, separated at the bolt.",var
353,EGT probe clamp on cylinder #1 is loose.,var
353,Exhaust gas temperature sensor clamp found loose on cylinder #2.,var
353,Left-side EGT clamp at cylinder 3 came loose during inspection.,var
353,Loose exhaust gas temperature clamp on cylinder 4 — secure the clamp.,var
367,All valve covers are leaking oil.,var
367,Oil leaks present at every valve cover.,var
367,Leakage detected on each valve cover around the engine.,var
367,Every valve cover shows signs of oil seepage.,var
368,"Engine speed recorded at 2,720 RPM.",var
368,"The engine was turning about 2,700 rpm.",var
368,"Measured engine RPM: 2,725 revolutions per minute.",var
368,Engine running roughly 2.7k r/min.,var
370,Cylinder #3 exhaust tube elbow top bolt requires re-cotter-pinning.,var
370,The top bolt on the exhaust elbow of cylinder 1 needs a new cotter pin.,var
370,Exhaust tube elbow top bolt on cylinder 2 must be re-cotter-pinned.,var
370,Replace the cotter pin on the top bolt of the #4 cylinder exhaust tube elbow.,var
372,The connecting rod for the left cooling baffle is broken.,var
372,Right cooling baffle link rod snapped during inspection.,var
372,Found a fractured connecting rod on the left cooling baffle.,var
372,Left-side cooling baffle connecting rod has failed and is broken.,var
373,The right cylinder cooling baffle is contacting the oil return line.,var
373,I found the left cylinder’s cooling baffle touching the oil return line.,var
373,"Cooling baffle on the #2 cylinder is in contact with the oil return line, clearance lost.",var
373,The oil return line is being contacted by the #1 cylinder cooling baffle.,var
385,The intake gasket on cylinder 1 is leaking.,var
385,Found a leak at the intake gasket of cylinder #2.,var
385,Leak detected from the intake gasket of left cylinder 3.,var
385,Cylinder #4 intake gasket has a seep.,var
403,Side baffle bolts on cylinders #1 and #3 are loose.,var
403,Found the left-side baffle bolt on cylinder 2 loose during inspection.,var
403,A loose side baffle bolt was noted at cylinder #4.,var
403,The side baffle fastener for cylinders 3 and 1 was found to be loose.,var
410,"After 20"" manifold pressure, full throttle was applied and the engine started.",var
410,"With manifold pressure at 22 inches, the throttle was cracked to full and the engine came alive.",var
410,"At about 18"" MP, the pilot advanced to full power and the engine started up.",var
410,"Once manifold pressure reached 20 inches, full throttle was set and the engine began running.",var
412,Fuel is seeping from the air induction elbow at the servo-boot connection.,var
412,The elbow between the air induction and the servo boot is leaking fuel.,var
412,Air-induction elbow to servo boot joint is weeping fuel.,var
412,Found fuel weeping out of the induction elbow into the servo boot.,var
413,The rocker gasket on cylinder #2 was found seeping oil.,var
413,Found oil weeping from the #4 cylinder rocker gasket during inspection.,var
413,Cylinder #3's rocker gasket is seeping.,var
413,Third cylinder rocker cover gasket showing seepage.,var
415,Cowl shock mount No. 7 is damaged and needs attention.,var
415,Found damage to the cowl shock mount at position 5 during the inspection.,var
415,Damage noted on cowl shock mount 3.,var
415,The cowl shock mount in bay 9 shows damage and should be repaired.,var
441,The right aft baffle plug is bad and needs replacement.,var
441,Left rear baffle plug is no good.,var
441,Aft baffle plug on the RH side failed inspection.,var
441,Rear right baffle plug compromised — requires repair.,var
465,Cooling baffle cracked on the front-left of the right engine.,var
465,Found a crack in the front-right cooling baffle on the left engine during inspection.,var
465,Front-left cooling baffle failure noted on engine 2.,var
465,Left-front baffle cracked — located on right engine #3.,var
469,The clamp on the left engine #2 primer line needs to be repositioned.,var
469,The left engine's second primer-line clamp is misaligned and should be moved.,var
469,Reposition the primer-line clamp on the right engine #3 — it's not seated correctly.,var
469,Primer line clamp for engine 2 left requires repositioning.,var
473,Left engine number 2 exhaust gas temperature gauge is inoperative.,var
473,EGT on the right engine #3 has failed and shows no reading.,var
473,No exhaust gas temperature indication from left engine #1.,var
473,Engine #2 EGT on the right side is not operating.,var
476,The #4 baffle spark plug access hole requires a patch.,var
476,Patch the spark plug access opening on the left baffle of engine #3.,var
476,The access hole for the spark plug in the #2 baffle was found needing a patch.,var
476,Needs a patch: spark plug access port on the right engine’s #5 baffle.,var
492,The fuel-line support bracket at the baffle support is loose and needs tightening.,var
492,Found the clamp that holds the fuel line to the baffle support loose — snug it up.,var
492,Fuel line support bracket at baffle support was discovered loose during inspection.,var
492,Secure or replace the loose fuel line support bracket where it attaches to the baffle.,var
495,Crack observed in the engine cowling baffle at the #1 cylinder.,var
495,Found a split in the cowling baffle near cylinder 2.,var
495,A crack was detected in the engine cowling baffle adjacent to cylinder No. 3.,var
495,The cowling baffle by cylinder 4 is cracked.,var
498,The cowl seal at cylinder #3 needs to be reattached to the baffling.,var
498,Cowl seal by cylinder #1 has pulled away — re-secure it to the baffle.,var
498,Reattach the cowl seal adjacent to the #4 cylinder to the baffling.,var
498,Found the cowl-to-baffle seal near cylinder #2 loose; it must be secured back to the baffling.,var
511,The connection wire for the right-side engine baffling is broken.,var
511,Found a broken wire that secures the left engine baffle.,var
511,Baffle connection wire on the #2 engine is fractured.,var
511,Right engine baffling wire snapped off.,var
543,The engine oil cooler can be cleaned from the outside.,var
543,External cleaning of the engine oil cooler is possible.,var
543,The oil cooler on the engine is serviceable by cleaning externally.,var
543,You can clean the engine’s oil cooler externally without internal disassembly.,var
567,Right engine baffle between cylinders #2 and #4 requires rework.,var
567,"The left engine baffle, between cylinders 1 and 3, needs to be reworked.",var
567,Baffle on the right engine located between cylinders 3 and 4 must be reworked.,var
567,Engine baffle between #2 & #4 (left side) requires rework.,var
573,Lower intake clamps on the right engine number 4 were found loose.,var
573,Found loose lower clamps on the left engine intake at #3 during the inspection.,var
573,The lower clamps at the intake of engine 2 on the right side are loose.,var
573,"Observed loose lower intake clamps on engine No. 5, left side.",var
577,Spiral wrap between cylinders #2 and #4 has melted.,var
577,I found the spiral sleeve melted between cylinder 1 and 3.,var
577,Melted spiral wrap discovered between cylinders 3 and 4 during the inspection.,var
577,The protective spiral wrap between #4 and #2 cylinders is burned and melted.,var
590,All B' (B-prime) nuts on the cylinder drain lines were found loose.,var
590,Every cylinder drain line has its B' nut loose and requires tightening.,var
590,Found loose B' nuts across all cylinder drain lines during inspection.,var
590,Verify and tighten the B' nuts on each cylinder drain line — they are all loose.,var
595,Minor foreign-object damage was observed on the top of cylinder #2.,var
595,Found a small FOD nick on the upper surface of cylinder 4.,var
595,Small foreign object damage noted on the top of cylinder three.,var
595,Tiny foreign-debris damage on the top of cylinder #1.,var
605,Inspection revealed worn spots on the forward baffle seals.,var
605,The front baffle seal shows localized wear.,var
605,Found several small worn areas on the forward baffle seals during the check.,var
605,Forward baffle seals exhibit wear spots.,var
627,Off-site maintenance removed cylinders #2 and #3.,var
627,The #4 and #5 cylinders were taken off by an outside maintenance crew.,var
627,"Two cylinders, nos. 1 and 2, were removed at an off-site repair facility.",var
627,Left-side cylinders #3 & #4 were removed by off-site techs.,var
629,Cylinder #2 has zero compression; the exhaust valve is leaking.,var
629,No compression on cylinder 3 — leaking from the exhaust valve.,var
629,Zero compression was measured on the #1 cylinder due to an exhaust valve leak.,var
629,Found no compression in cylinder #4; exhaust-valve leak present.,var
642,Are the aluminum fittings on the oil cooler OK?,var
642,Please confirm the oil cooler’s alum fittings are serviceable.,var
642,Can you check if the oil cooler aluminum fittings are in good shape?,var
642,Oil cooler alum fittings — acceptable condition?,var
657,Side baffle seals on engines 3 and 4 are worn.,var
657,The left-side baffle seals on #2 and #3 show wear.,var
657,Worn baffle seals were found on the right side of engines 1 and 4.,var
657,The #4 and #3 side baffle seals are showing wear.,var
665,Oil is leaking from the middle section of the left engine backbone.,var
665,Found oil seeping out of the center of the right engine backbone.,var
665,Leak detected at the mid-point of the engine backbone on the port side.,var
665,Middle area of the #2 engine backbone shows an oil leak.,var
667,The battery box bracket was found cracked during inspection.,var
667,A crack was observed in the bracket that secures the battery box.,var
667,The support bracket for the battery box has a fracture and requires attention.,var
667,Found the battery mount bracket split—needs repair or replacement.,var
675,Right forward baffle material is loose and needs securing.,var
675,The forward baffle skin on the left side was found loose and flapping.,var
675,Found loose material on the front baffle (right) during inspection.,var
675,Front baffle material not secure on the right — requires repair.,var
680,The inter-baffle rod fastener is broken.,var
680,Found the inter baffle rod fastener snapped during inspection.,var
680,Fastener securing the inter-baffle rod has failed.,var
680,The interbaffle rod retaining fastener fractured and needs replacement.,var
681,Inspection found the spring connector between the #1 and #3 cylinder baffles is broken.,var
681,The spring clip holding the #3 and #1 cylinder baffles together has snapped.,var
681,Found a fractured spring connector between the #2 and #4 cylinder baffles.,var
681,Repair item: broken spring connector joining the #1 and #2 cylinder baffles.,var
692,Intake on cylinder No. 2 feels loose.,var
692,The intake on the left cylinder 4 was found loose during inspection.,var
692,Found the intake assembly on cylinder 1 to be loose.,var
692,The intake on right cylinder 3 seems loose.,var
703,The front engine oil seal is leaking.,var
703,Observed oil seepage from the forward engine oil seal during inspection.,var
703,Oil is coming from the engine’s front seal.,var
703,"Found a leak at the front seal of the engine, oil present.",var
710,Cracks were found in the forward right baffle.,var
710,Inspection revealed cracking in the forward left baffle.,var
710,The forward right-side baffle shows multiple cracks.,var
710,Cracks observed in the forward baffle at station #1 on the left side.,var
715,The right baffle plug is loose.,var
715,Found the left baffle plug loose during inspection.,var
715,No. 2 baffle plug observed loose; secure it.,var
715,Baffle plug on the #1 side is loose.,var
718,Engine quit at idle — low RPM while taxiing after small throttle adjustments.,var
718,"While taxiing, the engine died at low idle following minor adjustments.",var
718,The engine shut down at idle/low RPM during taxi when small tweaks were made.,var
718,"During taxi, small control changes caused the engine to lose power and quit at idle.",var
721,A screw is missing from the #2 outer cylinder baffling.,var
721,Noticed the outer cylinder baffling on #1 has a missing screw.,var
721,Missing fastener on the outer baffling of the #3 cylinder.,var
721,Outer cylinder baffling on #4 is lacking a screw.,var
726,A doubler is required at the inspection hole in the No. 4 cylinder baffle.,var
726,Install a doubler over the insp hole on the No. 3 cylinder baffle — it’s needed.,var
726,Inspection-hole doubler required for the baffle on cylinder No. 2.,var
726,The baffle inspection opening of cylinder 1 needs a reinforcement doubler.,var
731,The cowl seal above the #3 cylinder baffle detached from its rivet.,var
731,Found the cowl seal over the #2 cylinder baffle pulled off the rivet.,var
731,Cowl seal above the left #4 cylinder baffle fell off the rivet.,var
731,Rivet loosened and the cowl seal above the right #1 cylinder baffle came off.,var
736,Found a broken cover screw on the ground beneath the aircraft.,var
736,A fractured cover screw was discovered lying on the ramp.,var
736,"During the walk‑around, a snapped cover screw was observed on the tarmac.",var
736,Ground crew located a broken screw from the cover on the pavement.,var
739,"During run-up the magnetos ran rough and readings were out of tolerance, so the fouled-spark procedure was performed.",var
739,At engine run-up the mags were rough and not within limits — I ran the fouled plugs procedure.,var
739,Run-up check showed rough magnetos and tolerance exceedance; fouled procedure executed.,var
739,"During the run-up both magnetos operated rough and failed to meet tolerances, then the fouled-proc was carried out.",var
742,The aft baffle screw on engine #2 appears to be loose behind the dipstick tube.,var
742,Looks like the aft baffle screw behind the dipstick tube on engine #3 is coming loose.,var
742,Found the aft baffle screw behind the dipstick tube on engine #4; it seems loose.,var
742,Aft baffle screw behind the dipstick tube on engine #1 appears loose.,var
747,The forward lower seal on the baffling at the air intake is worn and should be replaced.,var
747,The front-bottom baffle seal by the air inlet is showing wear.,var
747,Worn forward lower baffle seal located at the intake—inspect and service.,var
747,The lower seal on the forward baffling at the engine air intake has degraded.,var
759,No. 1 first-stage compressor blade shows damage near the tip.,var
759,Found damage by the tip of a first stage compressor blade on engine 2.,var
759,A first-stage compressor blade on engine #3 has tip-area damage.,var
759,Damage was observed close to the tip of a first stage compressor blade on engine one.,var
761,Both engine firewalls (right and left) require sealing where the engine control cables pass through.,var
761,"Seal the left engine firewall where the engine control goes through, and do the same on the right firewall.",var
761,The #2 and #1 engine firewall penetrations for the engine control need to be sealed.,var
761,Need to apply seals at the firewall penetrations for engine control on both left and right engines.,var
765,The grommet on the oil pressure switch wire harness is chafed through and damaged.,var
765,Damaged grommet for the oil pressure switch wiring — insulation worn through.,var
765,The grommet protecting the oil pressure switch harness has been worn completely through and needs replacement.,var
765,Found the oil pressure switch wire-harness grommet torn through; wiring protection is compromised.,var
767,"During cruise, RPM oversped; highest number seen was 2745 rpm.",var
767,While cruising the engine oversped — peaked around 2735 rpm.,var
767,"Cruise phase: RPM exceeded limits, maximum observed 2750 rpm.",var
767,"In cruise, experienced an RPM overspeed with a peak reading of 2700 rpm.",var
771,The forward baffle seal is worn at the location beside the air filter.,var
771,Found wear on the front baffle seal next to the air filter during inspection.,var
771,Worn seal on the forward baffle adjacent to the air filter.,var
771,"The seal at the forward baffle, by the air filter, shows signs of wear.",var
772,An oil leak was observed at the forward lower section of the crankcase adjacent to the oil seal.,var
772,There’s oil coming from the lower front of the crankcase right next to the oil seal.,var
772,Oil leak at the front-lower area of the crankcase near the oil seal.,var
772,Found oil seeping from the front lower portion of the engine crankcase by the oil seal.,var
798,Several rocker cover screws were found loose during the inspection.,var
798,A few screws holding the rocker cover are loose.,var
798,Found loose screws on the rocker cover.,var
798,Some of the fasteners securing the rocker cover were loose.,var
802,"Cylinder #2 has low compression — 25 lbs, leaking from the exhaust port.",var
802,"Low compression on cylinder #1, roughly 30 lbs, with the leak coming out the exhaust side.",var
802,"Recorded low compression on #3 cylinder: about 25 lbs, loss originating at the exhaust outlet.",var
802,"Cylinder #1 shows low compression — 20 lbs reading, escaping through the exhaust.",var
810,Pilot reported the forward baffle seal on cylinder #1 needs to be inspected.,var
810,Pilot said the forward baffle seal on cylinder #2 should be checked.,var
810,Pilot noted the forward baffle seal at cylinder 1 requires attention.,var
810,Pilot advised the forward baffle seal for cylinder #3 needs a look.,var
826,Left engine No. 4 rear baffle has a small crack and the baffle seal is torn.,var
826,"Found a small crack in the rear baffle on the right engine #3, and the baffle seal is ripped.",var
826,Rear baffle on engine #5 (left side) shows a minor crack with the baffle seal torn.,var
826,Inspect left engine #2 rear baffle — small crack observed and baffle seal damaged.,var
853,During run-up the magneto check failed; the fouled-plug procedure was attempted but RPM was not restored.,var
853,Mag check failed on the run-up — tried the fouled-plug fix and the RPM still wouldn’t come back up.,var
853,Failed magnetos check at run-up. Fouled plug procedure carried out; RPM remained abnormal.,var
853,Magnetos did not pass the run-up test; performed the fouled-plug procedure and RPM did not return to normal.,var
891,Suspected oil leak detected at the vacuum pump.,var
891,Looks like the vacuum pump is leaking oil.,var
891,Vacuum pump may have an oil seepage.,var
891,Found possible oil leakage from the vacuum pump during inspection.,var
893,Right upper baffling between cylinders #1 and #3 has a worn staple.,var
893,I found a worn staple in the left upper baffle between cylinders 2 and 4.,var
893,"Upper baffling on the right, between #3 and #1 cylinders, shows a worn staple.",var
893,Left-side upper baffle between cylinders #2 and #3 contains a frayed staple.,var
896,Found a wrench by the accessory case during inspection.,var
896,A wrench was located adjacent to the accessory case.,var
896,Spanner observed next to the accessory gearbox.,var
896,Loose wrench found beside the accessory case.,var
902,Baffle tie-wires are not secured.,var
902,The baffle tie-wires were found loose and not fastened properly.,var
902,Inspection revealed unsecured baffle tie wires.,var
902,Secure the baffle tie-wires — they’re not attached correctly.,var
917,Worn spots were found on the lower black seal above the intake.,var
917,The black lower seal over the intake shows areas of wear.,var
917,Inspection revealed wear patches on the lower seal above the intake.,var
917,There are several worn areas on the lower black seal located above the intake.,var
919,Two baffle tie rods need to be replaced.,var
919,Replace a pair of baffle tie-rods during the next shop visit.,var
919,Both baffle tie rods are worn and must be swapped out.,var
919,Three baffle tie rods require replacement.,var
929,Engine ran rough at full throttle.,var
929,"When the throttle was set to maximum, the engine showed roughness.",var
929,Noted rough running of the engine at full power.,var
929,At wide-open throttle the engine became rough.,var
934,The left engine baffle adjacent to the rocker covers is cracked.,var
934,I found a crack in the baffle by the rocker covers on the No. 1 engine.,var
934,Cracked baffle next to the rocker covers on the right engine.,var
934,Baffle beside the rocker covers on the left-hand engine shows a crack.,var
955,The lower intake clamp on engine #2 is loose.,var
955,Found the lower intake clamp loose on the left engine (#1).,var
955,Lower intake clamp loosened on engine 3 — needs tightening.,var
955,Detected a loose clamp at the lower intake of the right-hand engine (#4).,var
958,Oil is seeping from the top seam between the case halves.,var
958,Oil is oozing out of the upper joint where the two case halves meet.,var
958,Found oil weeping from the top of the crankcase halves.,var
958,A leak of oil was observed at the top of the case halves.,var
966,Left engine rocker box covers at cylinders #1 and #4 are seeping.,var
966,Found oil seeping from the rocker covers on the right engine at positions 2 and 3.,var
966,"Rocker-box covers on the left engine, cylinders 1 and 4, show seepage.",var
966,Seepage detected from the right engine's rocker box covers for cylinders #2 and #3.,var
993,The forward baffle seal shows abrasion damage from contact with the engine intake.,var
993,The front baffle seal is worn down where it rubs against the intake.,var
993,Found wear on the nose (forward) baffle seal caused by the engine intake airflow.,var
993,Inspection revealed the forward baffle seal eroded at the intake contact area.,var
998,Engine removal is required after metal particles were found in the oil.,var
998,Metal shavings showed up in the oil — pull the engine off for inspection.,var
998,The engine must be removed for teardown because metallic contamination was discovered in the oil.,var
998,Removal of the engine is necessary due to metal found in the oil sample.,var
999,"Manifold pressure was high during hover, reading about 27 in; performed a low-rotor-speed check.",var
999,While hovering the manifold PSI read high — 25 inches — so I did a low rotor run.,var
999,High manifold pressure (approximately 26 in) observed in hover; low-rotor RPM check completed.,var
999,Observed elevated manifold psi of roughly 24.5 inHg during hover and carried out a low rotor run-up.,var
1011,The patch on the right upper baffle has a small crack.,var
1011,Found a small crack in the patch on the left upper baffle.,var
1011,Patch on the #2 upper baffle shows a hairline crack.,var
1011,A tiny split was noted in the upper baffle patch on the #1 side.,var
1014,Staples retaining the baffle seal on the #2 cylinder baffle section are loose.,var
1014,I found the baffle-seal staples loose on the left #1 cylinder baffle area.,var
1014,The #3 cylinder baffle section has loose seal staples.,var
1014,Loose staples were observed on the right #4 cylinder baffle seal section.,var
1019,Baffle tie wire between Nos. 1 and 3 is loose and rubbing the No. 1 drain tube.,var
1019,Found the baffle tie wire on cylinders 2–4 loose — it’s chafing the No. 2 drain tube.,var
1019,Loose baffle tie wire (No.1–3) is contacting and wearing on the right drain tube.,var
1019,Tie wire that secures the baffles came loose and is rubbing the left drain line at cylinder 3.,var
1020,"The engine started and idled normally for about two minutes, then suddenly exhibited a fault.",var
1020,"Engine fired up and held idle fine for roughly 120 seconds, then something went wrong.",var
1020,Started and idled OK for about three minutes before an issue presented itself.,var
1020,"The engine came up and stayed at idle for about 1½ minutes, after which symptoms began.",var
1031,The front baffle seal is loose and shows worn spots.,var
1031,Front seal (baffle seal) is coming loose and has several areas of abrasion.,var
1031,Noticed the front seal on the baffle is unsecured with localized wear where material is thin.,var
1031,The front seal's loose and has worn-through spots on the baffle.,var
1034,The oil cooler bolt was removed for maintenance.,var
1034,Took the bolt off the oil cooler.,var
1034,Removed the bolt securing the oil cooler.,var
1034,Oil cooler fastener removed.,var
1070,The forward engine's black baffle seal shows a small worn spot on the left side.,var
1070,"Found a tiny rubbed area on the black baffle seal of the #1 forward engine, on the right side.",var
1070,A small abrasion was noted on the LH side of the black baffle seal for the forward engine.,var
1070,Forward engine No.2 black baffle seal has a minor wear spot on the right side.,var
1092,The #2 baffle requires patching and the button-plug hole shows excessive wear.,var
1092,"Found the #4 baffle needs a patch, and the button plug hole is worn out too.",var
1092,Baffle on #3 needs patching; button plug hole also worn.,var
1092,Patch the #1 baffle — the button plug hole has worn as well.,var
1115,Oil pressure sender ground strap is not connected.,var
1115,The ground strap for the oil pressure sensor wasn't hooked up.,var
1115,Grounding lead to the oil pressure sender is disconnected.,var
1115,Found the oil pressure sender’s ground strap unconnected during inspection.,var
1124,The left inner engine baffle tie is disconnected.,var
1124,The inboard baffle tie on the right engine has come loose and is disconnected.,var
1124,Inspection revealed the inner baffle tie disconnected on #2 engine.,var
1124,Inner engine baffle tie on the left side is not secured.,var
1125,"Engine ran rough after start-up, showing RPM gains and drops of about 8 rpm.",var
1125,"After starting, the engine was coughing and bounced around by roughly 10 revs.",var
1125,"Following start-up the engine operated roughly, with fluctuations of about 6 rpm.",var
1125,Engine rough on start; RPM oscillated around 9 rpm.,var
1130,The right air intake hose is not hooked up to the intake duct.,var
1130,Found the left air intake hose disconnected and not attached.,var
1130,The right inlet hose was not secured — it’s not connected.,var
1130,"Left air intake hose hanging loose, not hooked up.",var
1145,The alternate air door spring exhibits insufficient tension.,var
1145,The spring on the alternate air door is weak and barely holds the door closed.,var
1145,Found a weak alternate-air-door spring during the inspection.,var
1145,Alternate air door spring needs replacement because it has lost its spring force.,var
1150,Engine reached 2720 RPM for about 2 seconds.,var
1150,Spiked to roughly 2700 rpm for a couple of seconds.,var
1150,Observed 2725 RPM held for approximately 2.0 s.,var
1150,RPM climbed to about 2710 for ~2 seconds.,var
1175,"During engine start and while the engine was running, noticeable vibrations were observed.",var
1175,We felt the engine shake on start-up and again during normal running.,var
1175,Vibrations occurred at engine start and persisted with the engine operating.,var
1175,"At engine start and throughout engine operation, intermittent vibration was detected.",var
1196,All intake gaskets must be replaced.,var
1196,Replace every intake gasket — they need renewal.,var
1196,Every intake gasket requires replacement before return to service.,var
1196,Remove and install new gaskets on all intake connections.,var
1218,Inspection revealed soot and burn damage consistent with a carburetor fire on the left carburetor airbox.,var
1218,Found charring and heat marks indicating a carb fire at the right carburetor airbox.,var
1218,Evidence of carburetor combustion was observed on the left carburetor air box.,var
1218,Soot accumulation and burn scars point to a carburetor fire on the right carburetor airbox.,var
1221,Engine RPM spiked to 2740 rpm for about 1–3 seconds.,var
1221,The tach jumped to roughly 2750 rpm for around two seconds.,var
1221,Observed approximately 2700–2800 rpm for 1 to 3 seconds during the event.,var
1221,RPM hit about 2740 for roughly three seconds.,var
1222,An oil leak was found at the right engine backbone at the aft bolt.,var
1222,Found oil seeping from the aft bolt on the left engine backbone.,var
1222,Oil leakage noted at the aft fastener of the right engine backbone.,var
1222,Leak detected at the rear (aft) bolt on the left engine backbone — oil present.,var
1225,The engine cowl cam lock was found loose during inspection.,var
1225,Cowl cam latch on the engine is loose — needs tightening.,var
1225,Engine cowl cam lock not secured.,var
1225,Observed excessive play in the cam-style lock of the engine cowl.,var
1240,Right forward baffle section above cylinder No. 1 has damaged nutplates.,var
1240,The left forward baffle over cylinder #2 has busted nutplates.,var
1240,Found damaged nutplates on the forward baffle section above the #3 cylinder on the right side.,var
1240,Forward baffle above cylinder 4 on the left side shows damaged nutplates.,var
1252,"During a power‑on stall at full throttle, a loud tapping noise was heard.",var
1252,"While doing a power-on stall with the throttle at 100%, we heard a loud tap.",var
1252,A loud tap was noted during the full‑throttle power-on stall.,var
1252,"During the power-on stall event at maximum throttle, a distinct tapping sound occurred.",var
1272,During flight the engine began making an abnormal noise and noticeable vibration.,var
1272,The pilot reported the engine started producing unusual sounds and abnormal vib while airborne.,var
1272,In flight the engine developed an abnormal sound accompanied by increased vibration.,var
1272,Engine began emitting a strange noise and vibrating abnormally during flight.,var
1299,During start-up the engine started but ran very rough and would not keep running.,var
1299,At engine start it fired up but was running rough and wouldn't stay running.,var
1299,Engine initiated during the start sequence; however it operated very roughly and failed to remain running.,var
1299,"When starting, the engine came alive but ran extremely rough and would not maintain operation.",var
1308,Compressor wash is required to remove buildup from the engine.,var
1308,We need to perform a compressor wash.,var
1308,Compressor wash mandatory per maintenance procedure.,var
1308,Perform compressor washing to restore compressor efficiency.,var
1321,The lower outboard bolt for the oil cooler flange was found loose and cracked.,var
1321,Found the bottom inboard bolt on the oil cooler flange loose with a visible crack.,var
1321,Left lower oil cooler flange bolt is loose and shows a crack.,var
1321,Lower right oil cooler flange bolt (O/B) loose and cracked.,var
1340,Rocker drain lines on cylinders 1 and 3 are leaking.,var
1340,Found leaks in the #2 and #3 cylinder rocker drain lines.,var
1340,Leakage observed from the rocker drain line of cylinder 4.,var
1340,Detected leaks in the rocker drain lines for cylinders 1 and 2.,var
1341,An engine replacement is required.,var
1341,We need to swap out the engine.,var
1341,A change of the engine is necessary.,var
1341,Replace the engine before the next flight.,var
1354,"Black wear spots were found on the forward seal, caused by material from the intake.",var
1354,The forward seal shows black scuffed areas originating from the intake.,var
1354,Intake-related deposits have produced black wear spots on the forward seal.,var
1354,Forward seal has black abrasion marks from the intake.,var
1372,The right engine ran rough in climb and cruise; the left magnetos were shut off.,var
1372,"Right-side engine was rough during climb and cruise, so they turned off the left mags.",var
1372,#1 engine showed roughness in both climb and cruise — the right magneto set was switched off.,var
1372,During climb and cruise the #2 engine ran roughly and the left magnetos were shut down.,var
1377,The screw behind the oil tube filter is loose.,var
1377,Found a loose fastener rear of the oil-filter tube during the inspection.,var
1377,A screw located aft of the oil tube filter was found not tightened and needs securing.,var
1377,Loose screw detected at the rear of the oil tube filter; recommend torquing before next run.,var
1385,"Engine oversped, with peak RPM recorded at about 2750.",var
1385,"The engine hit an overspeed condition, topping out near 2800 rpm.",var
1385,"Peak engine speed observed was 2700 RPM, indicating an overspeed event.",var
1385,Observed engine overspeed — highest reading roughly 2760 rpm.,var
1388,Right rear baffle is missing its grommet.,var
1388,The rear baffle on the left side has no grommet installed.,var
1388,Found the right aft baffle without a grommet during inspection.,var
1388,No grommet on the right rear baffle — needs replacement.,var
1398,Rocker box cover screws are loose on all cylinders and require re-torquing.,var
1398,Found loose rocker box cover screws on every cylinder — tighten them up.,var
1398,All cylinders exhibit loose rocker box cover screws.,var
1398,Both left and right cylinder banks have loose rocker box cover screws.,var
1402,Torn baffle seals detected on the right side; replacement required.,var
1402,The baffle seals over on the left side are ripped.,var
1402,Baffle seal damage observed on No. 2 (right‑hand) side.,var
1402,Found torn baffle seals along the RH side during inspection.,var
1418,A screw is missing from the #2 rocker cover.,var
1418,Found one fastener absent on the #4 rocker cover during inspection.,var
1418,Missing screw on the rocker cover for cylinder 3.,var
1418,One screw is missing from the #1 rocker cover.,var
1422,Rivet pulled through the baffle seal at cylinder No. 1.,var
1422,A rivet tore through the baffle seal on cylinder #2.,var
1422,Found a rivet pulled through the baffle seal of cylinder 3.,var
1422,Inspection revealed the baffle seal at cylinder #4 had a rivet pulled through it.,var
1433,The exhaust pushrod tube on cylinder #1 shows a small dent.,var
1433,Spotted a slight ding in the push rod tube on the #3 cylinder’s exhaust side.,var
1433,Cylinder #2 exhaust pushrod tube has a minor dent.,var
1433,Inspect the #4 cylinder’s exhaust pushrod tube — there’s a small dent.,var
1440,Engine idle RPM is lower than specified.,var
1440,Idle speed is too low.,var
1440,Found the engine idling below acceptable RPM.,var
1440,The RPM at idle is under the required value.,var
1443,Engine baffling cracked on the right side above cylinder #1.,var
1443,Found a crack in the baffle on the left side over cylinder #2.,var
1443,"Baffle fracture located on the right, just above cylinder 3.",var
1443,Observed cracked engine baffle above cylinder #4 on the left-hand side.,var
1448,The aircraft will not start.,var
1448,The plane won't crank up.,var
1448,Engine refuses to start during the start attempt.,var
1448,A/C fails to power up — no start.,var
1453,The engine is dirty.,var
1453,Heavy grime and oil residue were found on the powerplant.,var
1453,Noted engine soiling — cleaning required.,var
1453,A lot of dirt observed on the engine; recommend a wash.,var
1504,Oil leak detected at the backbone case seam of the right engine.,var
1504,Found oil seeping from the backbone case seam on the left engine.,var
1504,No.1 engine shows oil leaking at the backbone/case seam.,var
1504,Oil observed escaping from the backbone case seam on the right-hand engine.,var
1518,Engine overspeed occurred at 3275 RPM.,var
1518,The engine went past redline and reached about 3300 rpm.,var
1518,Overspeed event — engine hit 3200 RPM.,var
1518,An engine overspeed was recorded with the tach showing 3280 rpm.,var
1529,Crack found on top of the #2 cylinder baffle during inspection.,var
1529,Noted a crack at the top of the #1 cylinder baffling.,var
1529,Found a crack on the top of the #3 cylinder baffle.,var
1529,Top of the left #4 cylinder baffle showed a crack.,var
1538,Inner baffle connector rod between cylinders 2 and 4 is broken.,var
1538,The inner baffle link rod on cyls 1 and 3 snapped.,var
1538,Connector rod for the inner baffle of cylinders 4 and 2 has failed.,var
1538,Inner baffle support rod on cylinder two and four fractured.,var
1541,Baffle connection rod loose on #1 and #3 cylinders of the left engine.,var
1541,Inspection revealed the baffle connecting rod was loose on cylinders #2 and #4 of the right engine.,var
1541,Found the baffle link slack at cylinders 3 and 1 on the left-hand engine.,var
1541,"The connecting rod for the baffle was loose on the right-side engine, affecting cylinders 4 and 2.",var
1542,Left engine #4 cylinder is dead.,var
1542,The #2 cylinder on the right engine isn't firing.,var
1542,Found cylinder 4 on the LH engine completely inoperative.,var
1542,RH engine #3 cylinder dead.,var
1550,Wear observed on the forward black engine seal.,var
1550,The front black seal on the engine is worn out.,var
1550,Forward black engine seal shows signs of wear.,var
1550,The black seal at the forward section of the engine is worn.,var
1559,Oil is leaking from the right engine crankcase lifting eyebolt.,var
1559,There's oil dripping from the lifting eyebolt on the left engine crankcase.,var
1559,Found oil seepage at the crankcase lift eye-bolt of the right engine.,var
1559,Right-hand engine crankcase lift eyebolt shows an oil leak.,var
1573,The lower black seal on the engine is worn at the intake lip.,var
1573,The bottom black engine seal is rubbed where it meets the intake.,var
1573,Wear noted on the lower black seal at the engine intake.,var
1573,Lower black intake seal shows abrasion on the engine.,var
1585,Cylinder #3 exhaust valve failed — exhaust clearance measured 0.034 in.,var
1585,Found the exhaust valve on #2 cylinder had failed; EX clearance was .034 inches.,var
1585,"Exhaust valve failure noted on cylinder #4 with ex. clearance recorded at 0.034"".",var
1585,The #1 cylinder’s exhaust valve failed (ex clearance 0.034 in.).,var
1589,Right engine cylinder #3 shows no compression.,var
1589,No compression was found in cylinder 2 of the left engine.,var
1589,Found zero compression in the 3rd cylinder of the right-hand engine.,var
1589,Cylinder #4 on the left engine registered no compression during the test.,var
1606,A small oil leak was observed at the right engine backbone bolt.,var
1606,The left engine’s backbone bolt is dripping a little oil.,var
1606,Found slight oil seepage from the backbone bolt on #2 engine.,var
1606,#1 engine backbone bolt leaking a small amount of oil.,var
1621,Compression on the right engine’s No.4 cylinder measured 40/80.,var
1621,The right-side engine’s #3 cylinder only made about 38 of 80 psi on the compression check.,var
1621,Left engine cylinder 4 compression was recorded at 42/80 psi.,var
1621,Cylinder No.2 on the right engine showed a 40/80 compression reading during inspection.,var
